fao_product_code,fao_product,extraction_rate_mean,extraction_rate_min,extraction_rate_max,extraction_rate_std,extraction_rate_count,waste_of_supply_mean,waste_of_supply_min,waste_of_supply_max,waste_of_supply_std,waste_of_supply_count,extraction_rate_flag,waste_of_supply_flag
15,wheat,NA,NA,NA,NA,0,0.03620143884892087,0.0,0.16,0.030968703195724173,139,0,1
16,flour_wheat,0.7657225433526011,0.68,0.97,0.05173920975480675,173,0.024310679611650485,0.0,0.1,0.019916506665800957,103,1,1
17,bran_wheat,0.1984335260115607,0.03,0.32,0.04987172414777438,173,0.03666666666666667,0.01,0.05,0.023094010767585032,3,1,1
18,macaroni,NA,NA,NA,NA,0,0.08426984126984127,0.013000000000000001,0.25,0.04703883308200081,63,0,1
27,rice_paddy,NA,NA,NA,NA,0,0.053738317757009345,0.002,0.25,0.039796258582225554,107,0,1
28,rice_husked,0.77525,0.65,0.9,0.05606715295987165,40,0.026000000000000002,0.01,0.05,0.010637982264821964,13,1,1
29,rice_milled_husked,0.8542857142857142,0.83,0.9,0.017851647506079635,14,0.008,0.008,0.008,NA,1,1,1
31,rice_milled,0.6542105263157895,0.62,0.71,0.027951503532146565,19,0.023000000000000003,0.009000000000000001,0.05,0.015178932768808223,6,1,1
36,oil_rice_bran,0.151875,0.08,0.21,0.028099525500145602,16,NA,NA,NA,NA,0,1,0
37,cake_rice_bran,0.7658823529411765,0.5,0.85,0.07882407813680821,17,NA,NA,NA,NA,0,1,0
38,flour_rice,0.783913043478261,0.6,0.98,0.07585009370446318,46,0.02142857142857143,0.003,0.11,0.02796072598846814,14,1,1
41,cereals_breakfast,NA,NA,NA,NA,0,0.0533,0.02,0.1,0.02576841304991658,10,0,1
44,barley,NA,NA,NA,NA,0,0.0359468085106383,0.0,0.14,0.030679532254946334,94,0,1
46,barley_pearled,0.5744827586206896,0.43,0.85,0.0891461964133937,29,NA,NA,NA,NA,0,1,0
51,beer_of_barley,0.224,0.1,0.35,0.04609279178510947,45,NA,NA,NA,NA,0,1,0
56,maize,NA,NA,NA,NA,0,0.05359006211180124,0.0,0.25,0.04271379637331617,161,0,1
57,germ_maize,0.06175862068965518,0.01,0.15,0.024135807529098125,58,0.034,0.034,0.034,NA,1,1,1
58,flour_maize,0.8321935483870968,0.55,0.98,0.09676770261711656,155,0.02304166666666667,0.001,0.08,0.015662610762147054,48,1,1
59,bran_maize,0.11100671140939597,0.02,0.33,0.06451215019064398,149,0.018000000000000002,0.018000000000000002,0.018000000000000002,NA,1,1,1
60,oil_maize,0.4295652173913044,0.19,0.52,0.051379049848017076,46,0.014000000000000002,0.006,0.022000000000000002,0.011313708498984762,2,1,1
61,cake_maize,0.5193478260869565,0.38,0.8,0.060051909911825206,46,NA,NA,NA,NA,0,1,0
71,rye,NA,NA,NA,NA,0,0.0344,0.0,0.14,0.02592331348069112,45,0,1
75,oats,NA,NA,NA,NA,0,0.04675,0.001,0.61,0.07894465450286214,60,0,1
76,oats_rolled,0.5695348837209303,0.45,0.73,0.07441689159157902,43,0.01757142857142857,0.005,0.033,0.009812528434899655,7,1,1
79,millet,NA,NA,NA,NA,0,0.06999999999999999,0.01,0.25,0.04711455454527826,65,0,1
81,bran_millet,0.09722222222222222,0.02,0.3,0.04675173333300128,72,0.01,0.01,0.01,NA,1,1,1
83,sorghum,NA,NA,NA,NA,0,0.06163218390804598,0.004,0.2,0.04376021208191474,87,0,1
85,bran_sorghum,0.09592592592592591,0.02,0.22,0.04545445651474687,54,NA,NA,NA,NA,0,1,0
89,buckwheat,NA,NA,NA,NA,0,0.034923076923076925,0.02,0.1,0.021484341346127492,13,0,1
91,bran_buckwheat,0.13047058823529412,0.05,0.35,0.07677873480103108,51,NA,NA,NA,NA,0,1,0
92,quinoa,NA,NA,NA,NA,0,0.06999999999999999,0.02,0.1,0.04358898943540673,3,0,1
94,fonio,NA,NA,NA,NA,0,0.10125,0.05,0.19,0.0467325215607779,8,0,1
97,triticale,NA,NA,NA,NA,0,0.021799999999999996,0.0,0.040999999999999995,0.01392679272322079,10,0,1
101,canary_seed,NA,NA,NA,NA,0,0.037,0.011000000000000001,0.1,0.03187475490101845,6,0,1
103,grain_mixed,NA,NA,NA,NA,0,NA,NA,NA,NA,0,0,0
104,flour_mixed_grain,0.8316666666666667,0.8,0.87,0.029268868558020227,6,NA,NA,NA,NA,0,1,0
111,flour_cereals,NA,NA,NA,NA,0,0.0275,0.02,0.03,0.004999999999999998,4,0,1
116,potatoes,NA,NA,NA,NA,0,0.07456470588235294,0.002,0.25,0.041990967487123936,170,0,1
117,flour_potatoes,0.21777777777777776,0.11,0.3,0.0418917728787006,36,0.04,0.01,0.1,0.03674234614174767,5,1,1
118,potatoes_frozen,0.6950000000000001,0.33,1.0,0.15751543134280874,28,NA,NA,NA,NA,0,1,0
120,potato_offals,0.195625,0.015,0.4,0.11920395686944847,16,NA,NA,NA,NA,0,1,0
122,sweet_potatoes,NA,NA,NA,NA,0,0.09582758620689655,0.003,0.42,0.06100251746550392,87,0,1
125,cassava,NA,NA,NA,NA,0,0.10661764705882353,0.011000000000000001,0.54,0.09042272687040323,68,0,1
126,flour_cassava,0.2559090909090909,0.2,0.39,0.04250031830794984,22,0.05866666666666667,0.02,0.1,0.034215006454283575,6,1,1
128,cassava_dried,0.32,0.2,0.45,0.06946221994724901,33,0.09000000000000001,0.03,0.14,0.05567764362830022,3,1,1
129,starch_cassava,0.19333333333333336,0.18,0.2,0.011547005383792528,3,NA,NA,NA,NA,0,1,0
149,roots_and_tubers_nes,NA,NA,NA,NA,0,0.08812500000000001,0.02,0.21,0.05497433418746279,32,0,1
157,sugar_beet,0.13140000000000002,0.091,0.17,0.022821668901037265,15,NA,NA,NA,NA,0,1,0
162,sugar_raw_centrifugal,NA,NA,NA,NA,0,0.0155,0.011000000000000001,0.02,0.006363961030678928,2,0,1
163,sugar_non_centrifugal,0.08412000000000001,0.053,0.12,0.01869786084021378,25,0.026,0.005,0.053,0.024556058315617347,3,1,1
164,sugar_refined,0.9214649681528664,0.85,0.98,0.011312308172290784,157,0.03176923076923077,0.001,0.1,0.03431266492651037,13,1,1
165,molasses,0.04177099236641222,0.01,0.087,0.01014552943266994,131,0.0365,0.01,0.1,0.03506422678457348,6,1,1
167,sugar_nes,NA,NA,NA,NA,0,0.06185185185185186,0.008,0.24,0.053991241243873354,27,0,1
169,beet_pulp,0.06172222222222222,0.05,0.25,0.03297151247547851,36,NA,NA,NA,NA,0,1,0
176,beans_dry,NA,NA,NA,NA,0,0.05558490566037736,0.0,0.3,0.05004091048704017,106,0,1
181,broad_beans_horse_beans_dry,NA,NA,NA,NA,0,0.06988888888888889,0.01,0.14,0.03209041713338847,27,0,1
187,peas_dry,NA,NA,NA,NA,0,0.0406,0.004,0.13,0.02398873609549822,75,0,1
191,chick_peas,NA,NA,NA,NA,0,0.042145833333333334,0.01,0.25,0.0374438527655619,48,0,1
201,lentils,NA,NA,NA,NA,0,0.033692307692307695,0.01,0.075,0.016246312959136734,52,0,1
205,vetches,NA,NA,NA,NA,0,0.03580769230769231,0.013000000000000001,0.055999999999999994,0.013988621749891532,26,0,1
212,flour_pulses,0.7484444444444445,0.2,0.85,0.10387832820519916,45,NA,NA,NA,NA,0,1,0
217,cashew_nuts_with_shell,NA,NA,NA,NA,0,0.04078571428571429,0.01,0.11,0.025444293818302127,14,0,1
220,chestnut,NA,NA,NA,NA,0,0.05444444444444444,0.01,0.2,0.0406999653499506,27,0,1
221,almonds_with_shell,0.3555555555555555,0.3,0.5,0.08457409637576851,9,NA,NA,NA,NA,0,1,0
222,walnuts_with_shell,0.4,0.35,0.5,0.06546536707079773,8,NA,NA,NA,NA,0,1,0
223,pistachios,NA,NA,NA,NA,0,0.039125,0.005,0.051,0.01598697386415995,16,0,1
225,hazelnuts_with_shell,0.496,0.49,0.5,0.005477225575051663,5,NA,NA,NA,NA,0,1,0
229,brazil_nuts_shelled,0.55,0.55,0.55,NA,1,0.04683333333333334,0.03,0.051,0.008256310717667225,6,1,1
230,cashew_nuts_shelled,0.2571428571428572,0.22,0.3,0.025634797778466233,7,NA,NA,NA,NA,0,1,0
231,almonds_shelled,0.23919999999999997,0.028999999999999998,0.65,0.19226327435749832,25,NA,NA,NA,NA,0,1,0
232,walnuts_shelled,0.4442857142857143,0.35,0.7,0.09403062395708242,14,NA,NA,NA,NA,0,1,0
233,hazelnuts_shelled,0.47500000000000003,0.4,0.5,0.04522670168666454,12,NA,NA,NA,NA,0,1,0
234,nuts_nes,NA,NA,NA,NA,0,0.055125,0.015,0.1,0.0302392247633056,8,0,1
235,nuts_prepared_exc_groundnuts_,0.975,0.8,1.0,0.05316095330711949,24,NA,NA,NA,NA,0,1,0
236,soybeans,NA,NA,NA,NA,0,0.034372549019607845,0.0,0.19,0.029485563100821885,51,0,1
237,oil_soybean,0.17452380952380953,0.15,0.2,0.009619854206339795,84,0.013000000000000001,0.006,0.02,0.009899494936611665,2,1,1
238,cake_soybeans,0.7805952380952382,0.6,0.82,0.031059646871753874,84,NA,NA,NA,NA,0,1,0
239,soya_sauce,5.617142857142857,1.5,18.82,5.917155043559684,7,0.003,0.003,0.003,NA,1,1,1
240,soya_paste,4.045,3.6,4.49,0.6293250352560272,2,0.003,0.003,0.003,NA,1,1,1
241,soy_curd,2.0,2.0,2.0,NA,1,NA,NA,NA,NA,0,1,0
243,groundnuts_shelled,0.6941414141414142,0.5,0.8,0.03907110475212119,99,0.03363636363636364,0.01,0.11,0.030090771765684997,11,1,1
244,oil_groundnut,0.4331395348837209,0.3,0.52,0.039205690700592606,86,0.006,0.006,0.006,NA,1,1,1
245,cake_groundnuts,0.5293181818181818,0.35,0.68,0.047070391272935615,88,NA,NA,NA,NA,0,1,0
246,groundnuts_prepared,1.0,1.0,1.0,0.0,3,NA,NA,NA,NA,0,1,0
247,peanut_butter,0.9485714285714285,0.9,1.0,0.029113897843110036,7,NA,NA,NA,NA,0,1,0
249,coconuts,0.065,0.03,0.1,0.04949747468305833,2,0.08268750000000001,0.005,0.5,0.08417842151606414,48,1,1
250,coconuts_desiccated,0.19714285714285712,0.15,0.3,0.04462296260008731,14,0.0436,0.03,0.057999999999999996,0.01283744522870497,5,1,1
251,copra,0.18612244897959185,0.12,0.33,0.03941321301980108,49,0.0135,0.01,0.02,0.004725815626252609,4,1,1
252,oil_coconut_copra_,0.6196428571428572,0.55,0.65,0.025163486606610354,28,NA,NA,NA,NA,0,1,0
253,cake_copra,0.3410714285714285,0.28,0.4,0.024394790839558766,28,NA,NA,NA,NA,0,1,0
254,oil_palm_fruit,NA,NA,NA,NA,0,NA,NA,NA,NA,0,0,0
256,palm_kernels,0.06585714285714286,0.035,0.13,0.028292040584580683,14,0.0205,0.001,0.03,0.013674794331177343,4,1,1
257,oil_palm,0.1662857142857143,0.022000000000000002,0.3,0.06606659083899447,42,0.0195,0.006,0.03,0.009954898291795853,6,1,1
258,oil_palm_kernel,0.4554385964912281,0.3,0.62,0.042133723151015455,57,0.0105,0.01,0.011000000000000001,0.0007071067811865482,2,1,1
259,cake_palm_kernel,0.4985714285714286,0.34,0.58,0.050431900850321176,56,NA,NA,NA,NA,0,1,0
260,olives,NA,NA,NA,NA,0,0.06607142857142857,0.0,0.12,0.03893676191687528,14,0,1
261,oil_olive_virgin,0.1823076923076923,0.14,0.24,0.03086363722188464,13,NA,NA,NA,NA,0,1,0
262,olives_preserved,1.0,1.0,1.0,0.0,9,0.043333333333333335,0.03,0.05,0.011547005383792518,3,1,1
264,butter_of_karite_nuts,0.25833333333333336,0.2,0.35,0.0735980072193987,6,NA,NA,NA,NA,0,1,0
266,oil_castor_beans,0.44000000000000006,0.36,0.63,0.04005947958675829,43,0.006,0.006,0.006,NA,1,1,1
267,sunflower_seed,NA,NA,NA,NA,0,0.030209302325581392,0.0,0.17,0.027521037961058842,43,0,1
268,oil_sunflower,0.3816216216216216,0.25,0.47,0.05381416595663537,74,0.062000000000000006,0.006,0.14,0.069656299069072,3,1,1
269,cake_sunflower,0.5093243243243243,0.3,0.7,0.078919606763649,74,NA,NA,NA,NA,0,1,0
270,rapeseed,0.031,0.031,0.031,NA,1,0.027863636363636365,0.005,0.085,0.020242095352073223,22,1,1
271,oil_rapeseed,0.37777777777777777,0.23,0.45,0.03590693771544196,54,0.046,0.046,0.046,NA,1,1,1
272,cake_rapeseed,0.5653703703703704,0.37,0.63,0.047887957400699184,54,NA,NA,NA,NA,0,1,0
274,oil_olive_residues,0.08031250000000001,0.038,0.25,0.049490361014376656,16,NA,NA,NA,NA,0,1,0
281,oil_safflower,0.331,0.24,0.38,0.035526120857165014,20,0.006,0.006,0.006,NA,1,1,1
282,cake_safflower,0.622,0.55,0.65,0.02930780388260188,20,NA,NA,NA,NA,0,1,0
289,sesame_seed,NA,NA,NA,NA,0,0.03523684210526316,0.0,0.12,0.022710200363911144,38,0,1
290,oil_sesame,0.4513725490196078,0.34,0.59,0.04503419180325709,51,0.006,0.006,0.006,NA,1,1,1
291,cake_sesame_seed,0.4972549019607843,0.2,0.66,0.07136044930835425,51,NA,NA,NA,NA,0,1,0
292,mustard_seed,NA,NA,NA,NA,0,0.033800000000000004,0.006,0.05,0.015717142597449812,15,0,1
294,cake_mustard,0.5333333333333333,0.2,0.7,0.14543039572248986,9,0.021,0.021,0.021,NA,1,1,1
295,flour_mustard,0.7522727272727273,0.45,0.85,0.10519513922238669,22,NA,NA,NA,NA,0,1,0
311,kapokseed_in_shell,NA,NA,NA,NA,0,0.044931034482758626,0.02,0.1,0.01732036587060521,29,0,1
329,cottonseed,0.6083516483516483,0.4,0.72,0.05641638328365527,91,0.03267647058823529,0.002,0.084,0.019288433632990012,34,1,1
331,oil_cottonseed,0.1670212765957447,0.12,0.25,0.02093665752837129,94,0.006,0.006,0.006,NA,1,1,1
332,cake_cottonseed,0.498421052631579,0.37,0.81,0.08685174197439312,95,NA,NA,NA,NA,0,1,0
333,linseed,0.03,0.03,0.03,NA,1,0.029222222222222222,0.005,0.08800000000000001,0.018506409146216873,27,1,1
334,oil_linseed,0.34203389830508474,0.3,0.4,0.01648192960507723,59,0.15866666666666668,0.006,0.45,0.25239915477935604,3,1,1
335,cake_linseed,0.6116949152542374,0.45,0.66,0.03974715528198131,59,0.24333333333333332,0.05,0.5,0.2315887159024233,3,1,1
339,oilseeds_nes,NA,NA,NA,NA,0,0.047949152542372885,0.011000000000000001,0.25,0.035545223127735,59,0,1
343,flour_oilseeds,NA,NA,NA,NA,0,NA,NA,NA,NA,0,0,0
366,artichokes,NA,NA,NA,NA,0,0.0912258064516129,0.04,0.19,0.03924853260732122,31,0,1
367,asparagus,NA,NA,NA,NA,0,0.0774074074074074,0.002,0.15,0.039585602723969514,27,0,1
373,spinach,NA,NA,NA,NA,0,0.09687179487179487,0.004,0.34,0.06363348154084802,39,0,1
388,tomatoes,NA,NA,NA,NA,0,0.09203125000000001,0.003,0.3,0.046286397484631085,96,0,1
390,juice_tomato,0.7281818181818182,0.5,0.9,0.11805237666545998,11,NA,NA,NA,NA,0,1,0
391,tomatoes_paste,0.2554166666666667,0.13,0.4,0.07978117717785353,24,0.10462264150943396,0.015,0.38,0.058917225643300854,53,1,1
392,tomatoes_peeled,0.7655555555555557,0.38,0.88,0.14791138488222527,9,NA,NA,NA,NA,0,1,0
394,pumpkins_squash_and_gourds,NA,NA,NA,NA,0,0.08935416666666667,0.018000000000000002,0.2,0.04169927270314953,48,0,1
397,cucumbers_and_gherkins,NA,NA,NA,NA,0,0.08763829787234043,0.011000000000000001,0.25,0.04308302838364565,94,0,1
399,eggplants_aubergines_,NA,NA,NA,NA,0,0.08136363636363636,0.02,0.2,0.04693414378481676,22,0,1
401,chillies_and_peppers_green,NA,NA,NA,NA,0,0.08461111111111111,0.002,0.2,0.035187592510239556,54,0,1
402,onions_shallots_green,NA,NA,NA,NA,0,0.08466666666666667,0.01,0.19,0.0409323166392344,45,0,1
403,onions_dry,NA,NA,NA,NA,0,0.0768421052631579,0.004,0.2,0.0362679092865737,133,0,1
406,garlic,NA,NA,NA,NA,0,0.07765116279069767,0.02,0.2,0.036078922457452006,86,0,1
407,leeks_other_alliaceous_vegetables,NA,NA,NA,NA,0,0.06470833333333334,0.02,0.15,0.03278186026324377,24,0,1
414,beans_green,NA,NA,NA,NA,0,0.08042307692307693,0.004,0.2,0.04091375249580615,52,0,1
417,peas_green,NA,NA,NA,NA,0,0.07702127659574469,0.012,0.15,0.03517996549526333,47,0,1
426,carrots_and_turnips,NA,NA,NA,NA,0,0.10514285714285714,0.05,0.15,0.031248032905121563,14,0,1
446,maize_green,0.12014705882352941,0.06,0.15,0.02595115733151259,34,0.11499999999999999,0.02,0.19,0.07325753658611969,4,1,1
447,sweet_corn_frozen,0.795,0.27,1.0,0.26485845276298053,6,NA,NA,NA,NA,0,1,0
448,sweet_corn_prep_or_preserved,0.75,0.4,1.0,0.19748417658131498,6,NA,NA,NA,NA,0,1,0
451,mushrooms_canned,0.2,0.2,0.2,NA,1,0.07392307692307692,0.01,0.15,0.038319627427127294,26,1,1
463,vegetables_fresh_nes,NA,NA,NA,NA,0,0.09613114754098362,0.0,0.3,0.042235788458342916,183,0,1
465,vegetables_canned_nes,0.548888888888889,0.29,0.9,0.18203326924249622,9,NA,NA,NA,NA,0,1,0
469,vegetables_dehydrated,0.1940677966101695,0.08,0.5,0.06736720383063202,59,0.037250000000000005,0.019,0.05,0.015392097539538485,4,1,1
471,vegetables_in_vinegar,1.0417857142857143,0.6,1.34,0.2021800020940579,56,0.05,0.01,0.15,0.058309518948453,5,1,1
472,vegetables_preserved_nes,0.8266666666666667,0.64,1.0,0.11672962970734083,63,0.07,0.03,0.11,0.0565685424949238,2,1,1
473,vegetables_frozen,0.8652542372881357,0.7,1.0,0.08447313248037018,59,0.043333333333333335,0.01,0.1,0.032041639575194444,6,1,1
475,vegetables_preserved_frozen,0.838,0.65,1.0,0.09119576013536301,25,0.030000000000000002,0.01,0.05,0.028284271247461905,2,1,1
486,bananas,NA,NA,NA,NA,0,0.09175657894736843,0.006999999999999999,0.3,0.05741806678665612,152,0,1
490,oranges,NA,NA,NA,NA,0,0.07768702290076336,0.003,0.34,0.04476023028219198,131,0,1
491,juice_orange_single_strength,0.6192857142857142,0.38,0.8,0.11633410374167927,42,NA,NA,NA,NA,0,1,0
492,juice_orange_concentrated,0.1847142857142857,0.06,0.6,0.135840646783948,14,NA,NA,NA,NA,0,1,0
495,tangerines_mandarins_clementines_satsumas,0.1,0.1,0.1,NA,1,0.07059722222222223,0.01,0.2,0.03751982001001238,72,1,1
497,lemons_and_limes,NA,NA,NA,NA,0,0.07260576923076924,0.01,0.2,0.03738059780964482,104,0,1
498,juice_lemon_single_strength,0.450625,0.3,0.65,0.10285710152115574,16,NA,NA,NA,NA,0,1,0
499,juice_lemon_concentrated,0.2875,0.08,0.55,0.17285419123808202,8,NA,NA,NA,NA,0,1,0
507,grapefruit_inc_pomelos_,NA,NA,NA,NA,0,0.07132183908045978,0.002,0.2,0.04423733408345279,87,0,1
509,juice_grapefruit,0.5116666666666666,0.4,0.7,0.13272779161376363,6,NA,NA,NA,NA,0,1,0
510,juice_grapefruit_concentrated,0.15913043478260872,0.08,0.26,0.060970413352279526,23,NA,NA,NA,NA,0,1,0
513,juice_citrus_single_strength,NA,NA,NA,NA,0,0.09000000000000001,0.05,0.14,0.028722813232690145,9,0,1
514,juice_citrus_concentrated,0.281875,0.13,0.7,0.15921552478741932,16,NA,NA,NA,NA,0,1,0
515,apples,NA,NA,NA,NA,0,0.06646902654867257,0.003,0.17,0.037056441216758454,113,0,1
518,juice_apple_single_strength,0.5363333333333333,0.3,0.8,0.12265688991523534,30,NA,NA,NA,NA,0,1,0
519,juice_apple_concentrated,0.41333333333333333,0.08,0.7,0.2575878785026872,12,NA,NA,NA,NA,0,1,0
521,pears,NA,NA,NA,NA,0,0.07652173913043478,0.002,0.25,0.04818291116993991,92,0,1
523,quinces,NA,NA,NA,NA,0,0.086075,0.02,0.2,0.038747299326897675,40,0,1
526,apricots,NA,NA,NA,NA,0,0.08345454545454545,0.015,0.5,0.061149295692071254,66,0,1
527,apricots_dry,0.296,0.18,0.4,0.07797435475847171,5,0.1755,0.051,0.3,0.17606958851545035,2,1,1
531,cherries,NA,NA,NA,NA,0,0.0893529411764706,0.0,0.25,0.04505766240248678,51,0,1
534,peaches_and_nectarines,NA,NA,NA,NA,0,0.07784146341463415,0.015,0.17,0.03483026550807275,82,0,1
537,plums_dried_prunes_,0.32166666666666666,0.2,0.43,0.07376028545325,24,0.035,0.01,0.05,0.01957890020745122,10,1,1
539,juice_plum_concentrated,0.18025,0.08,0.48,0.0981201599543829,20,NA,NA,NA,NA,0,1,0
544,strawberries,NA,NA,NA,NA,0,0.07792592592592593,0.01,0.2,0.04110586968683902,54,0,1
549,gooseberries,NA,NA,NA,NA,0,0.07266666666666667,0.022000000000000002,0.1,0.027994588221600433,12,0,1
550,currants,NA,NA,NA,NA,0,0.06265217391304348,0.017,0.14,0.030589078109755828,23,0,1
552,blueberries,NA,NA,NA,NA,0,0.06455555555555556,0.009000000000000001,0.1,0.03577398185522235,9,0,1
554,cranberries,NA,NA,NA,NA,0,0.06720000000000001,0.036000000000000004,0.1,0.03048278202526797,5,0,1
560,grapes,NA,NA,NA,NA,0,0.07002666666666668,0.002,0.17,0.039031855781729956,75,0,1
561,raisins,0.26925925925925925,0.18,0.5,0.06539383209717317,27,0.04147222222222222,0.001,0.12,0.03277497835772293,36,1,1
562,juice_grape,0.71,0.4,0.9,0.13838352503098048,9,NA,NA,NA,NA,0,1,0
564,wine,0.7037878787878789,0.45,0.95,0.09000453239040715,66,0.02125,0.002,0.061,0.0194194139037108,12,1,1
567,watermelons,NA,NA,NA,NA,0,0.092125,0.001,0.25,0.051705899083180046,96,0,1
569,figs,NA,NA,NA,NA,0,0.08869565217391305,0.02,0.2,0.03936206270860724,46,0,1
570,figs_dried,0.325,0.2,0.75,0.12678252846433347,22,0.043333333333333335,0.01,0.12,0.030860669992418384,15,1,1
572,avocados,NA,NA,NA,NA,0,0.09125,0.02,0.25,0.04845223470201397,64,0,1
574,pineapples,NA,NA,NA,NA,0,0.07667088607594937,0.01,0.25,0.040067801997328366,79,0,1
575,pineapples_canned,0.48700000000000004,0.08800000000000001,0.8,0.12902443314282022,24,NA,NA,NA,NA,0,1,0
576,juice_pineapple,0.31666666666666665,0.15,0.7,0.15545631755148023,15,NA,NA,NA,NA,0,1,0
577,dates,NA,NA,NA,NA,0,0.0588936170212766,0.01,0.2,0.03944353919793246,47,0,1
580,juice_pineapple_concentrated,0.1694,0.067,0.2,0.05789473205741607,5,NA,NA,NA,NA,0,1,0
587,persimmons,NA,NA,NA,NA,0,0.09285714285714286,0.03,0.2,0.06701101544131526,7,0,1
591,cashewapple,NA,NA,NA,NA,0,0.3,0.3,0.3,NA,1,0,1
592,kiwi_fruit,NA,NA,NA,NA,0,0.049411764705882356,0.01,0.14,0.026802655706873093,17,0,1
600,papayas,NA,NA,NA,NA,0,0.10222222222222223,0.03,0.5,0.07648199101419204,45,0,1
603,fruit_tropical_fresh_nes,NA,NA,NA,NA,0,0.08711764705882354,0.02,0.2,0.039609416586879206,51,0,1
619,fruit_fresh_nes,NA,NA,NA,NA,0,0.08860377358490566,0.01,0.2,0.03820746478656712,159,0,1
622,juice_fruit_nes,NA,NA,NA,NA,0,0.06773170731707318,0.01,0.2,0.04130316234275767,41,0,1
630,cane_tops,NA,NA,NA,NA,0,0.022000000000000002,0.005,0.05,0.01759971590679804,9,0,1
653,food_wastes,NA,NA,NA,NA,0,0.10575000000000001,0.03,0.2,0.052545218621678616,16,0,1
656,coffee_green,NA,NA,NA,NA,0,0.03920689655172414,0.005,0.2,0.039912743498738086,29,0,1
657,coffee_roasted,0.79725,0.65,1.0,0.040999382520821075,80,0.8,0.8,0.8,0.0,2,1,1
658,coffee_substitutes_containing_coffee,0.7475,0.2,2.0,0.4422496835597463,24,NA,NA,NA,NA,0,1,0
659,coffee_extracts,0.3262962962962963,0.07,0.5,0.07099014818692197,27,NA,NA,NA,NA,0,1,0
660,coffee_husks_and_skins,NA,NA,NA,NA,0,NA,NA,NA,NA,0,0,0
661,cocoa_beans,NA,NA,NA,NA,0,0.04,0.003,0.1,0.034604912945996553,9,0,1
662,cocoa_paste,0.8,0.8,0.8,0.0,52,NA,NA,NA,NA,0,1,0
663,cocoa_husks_shell,0.19903846153846155,0.15,0.2,0.006933752452815365,52,NA,NA,NA,NA,0,1,0
664,cocoa_butter,0.47352941176470587,0.47,0.58,0.016831343310831103,51,NA,NA,NA,NA,0,1,0
665,cocoa_powder_cake,0.5229411764705882,0.41,0.53,0.024681500574078485,51,NA,NA,NA,NA,0,1,0
666,chocolate_products_nes,5.211162790697674,2.5,19.43,2.4265164225817,43,NA,NA,NA,NA,0,1,0
667,tea,NA,NA,NA,NA,0,0.024923076923076923,0.005,0.053,0.017109751305720074,13,0,1
677,hops,NA,NA,NA,NA,0,0.035,0.02,0.05,0.021213203435596427,2,0,1
723,spices_nes,NA,NA,NA,NA,0,0.08216666666666667,0.05,0.15,0.038680313683664286,6,0,1
767,cotton_lint,0.3329166666666667,0.26,0.44,0.030594001173455853,48,0.05,0.05,0.05,NA,1,1,1
769,cotton_waste,0.03204545454545455,0.006999999999999999,0.084,0.021811917390723363,22,NA,NA,NA,NA,0,1,0
770,cotton_linter,0.045743589743589746,0.01,0.14,0.02663764446350508,39,NA,NA,NA,NA,0,1,0
778,kapok_fibre,NA,NA,NA,NA,0,0.04,0.04,0.04,NA,1,0,1
780,jute,NA,NA,NA,NA,0,0.03,0.03,0.03,NA,1,0,1
813,coir,0.36851851851851847,0.28,0.47,0.04880918133237005,27,NA,NA,NA,NA,0,1,0
828,cigarettes,NA,NA,NA,NA,0,0.08229411764705882,0.04,0.16,0.03849637110475861,17,0,1
866,cattle,NA,NA,NA,NA,0,NA,NA,NA,NA,0,0,0
867,meat_cattle,0.5133333333333333,0.38,0.64,0.039607177661842664,195,NA,NA,NA,NA,0,1,0
868,offals_edible_cattle,0.08065641025641025,0.016,0.17,0.024077193243191724,195,NA,NA,NA,NA,0,1,0
869,fat_cattle,0.019707692307692308,0.003,0.084,0.011431629674645675,195,NA,NA,NA,NA,0,1,0
870,meat_cattle_boneless_beef_veal,0.71,NA,NA,NA,0,NA,NA,NA,NA,0,0,0
871,cattle_butcher_fat,0.12,NA,NA,NA,0,NA,NA,NA,NA,0,0,0
872,beef_dry_smoked,0.46,NA,NA,NA,0,NA,NA,NA,NA,0,0,0
873,meat_extracts,0.2,NA,NA,NA,0,NA,NA,NA,NA,0,0,0
874,meat_beef_and_veal_sausages,0.8,NA,NA,NA,0,NA,NA,NA,NA,0,0,0
875,meat_beef_preparations,0.6,NA,NA,NA,0,NA,NA,NA,NA,0,0,0
876,beef_canned,NA,NA,NA,NA,0,NA,NA,NA,NA,0,0,0
877,homogenized_meat_prepared,NA,NA,NA,NA,0,NA,NA,NA,NA,0,0,0
878,liver_prepared,NA,NA,NA,NA,0,NA,NA,NA,NA,0,0,0
882,milk_whole_fresh_cow,NA,NA,NA,NA,0,0.038771084337349396,0.001,0.1,0.02222574057105466,83,0,1
885,cream_fresh,0.1436888888888889,0.05,0.4,0.0710335459234906,45,NA,NA,NA,NA,0,1,0
886,butter_cow_milk,0.04602857142857143,0.033,0.1,0.008411824487517034,105,NA,NA,NA,NA,0,1,0
889,milk_whole_condensed,0.3157142857142857,0.24,0.43,0.06583362312728909,14,NA,NA,NA,NA,0,1,0
890,whey_condensed,0.44741935483870965,0.2,2.75,0.49845071800486945,31,NA,NA,NA,NA,0,1,0
894,milk_whole_evaporated,0.4959090909090909,0.17,5.5,0.7763459974923618,44,NA,NA,NA,NA,0,1,0
897,milk_whole_dried,0.116,0.1,0.13,0.01055597325823495,15,NA,NA,NA,NA,0,1,0
900,whey_dry,0.5435294117647059,0.45,0.86,0.0838854260636635,17,NA,NA,NA,NA,0,1,0
901,cheese_whole_cow_milk,0.12942696629213482,0.08,0.38,0.039382127822508474,89,NA,NA,NA,NA,0,1,0
907,cheese_processed,0.127,0.08,0.2,0.05167204273105526,5,NA,NA,NA,NA,0,1,0
919,hides_cattle_fresh,0.06903125,0.012,0.11,0.017371774328118778,128,NA,NA,NA,NA,0,1,0
920,hides_cattle_wet_salted,0.8,NA,NA,NA,0,NA,NA,NA,NA,0,0,0
922,hides_nes_cattle,0.8,NA,NA,NA,0,NA,NA,NA,NA,0,0,0
928,skins_calve_wet_salted,0.8,NA,NA,NA,0,NA,NA,NA,NA,0,0,0
930,skins_nes_calves,NA,NA,NA,NA,0,NA,NA,NA,NA,0,0,0
946,buffaloes,0.4925,0.44,0.6,0.03403961886058528,24,NA,NA,NA,NA,0,1,0
953,ghee_buffalo_milk,0.05900000000000001,0.05,0.071,0.01063014581273465,5,NA,NA,NA,NA,0,1,0
976,sheep,0.48872928176795577,0.36,0.75,0.04764496795200878,181,NA,NA,NA,NA,0,1,0
977,meat_sheep,0.02394871794871795,0.006999999999999999,0.16,0.018511807114717893,117,NA,NA,NA,NA,0,1,0
978,offals_sheep_edible,0.08924444444444445,0.019,0.19,0.03135249622028055,180,NA,NA,NA,NA,0,1,0
984,cheese_sheep_milk,0.19914285714285715,0.11,0.33,0.05430693968066136,35,NA,NA,NA,NA,0,1,0
987,wool_greasy,NA,NA,NA,NA,0,NA,NA,NA,NA,0,0,0
1016,goats,0.4917283950617284,0.31,1.15,0.07440513779523178,162,NA,NA,NA,NA,0,1,0
1018,offals_edible_goats,0.06483606557377049,0.01,0.24,0.03659243106065736,61,NA,NA,NA,NA,0,1,0
1031,hair_goat_coarse,0.09077777777777779,0.024,0.19,0.037313545175911275,18,NA,NA,NA,NA,0,1,0
1034,pigs,0.724406779661017,0.5,0.93,0.06964042027151489,177,NA,NA,NA,NA,0,1,0
1036,offals_pigs_edible,0.052101449275362324,0.019,0.15,0.02570361383750595,138,NA,NA,NA,NA,0,1,0
1037,fat_pigs,0.0544034090909091,0.002,0.36,0.03516055890621483,176,NA,NA,NA,NA,0,1,0
1043,lard,0.47,0.47,0.47,0.0,17,NA,NA,NA,NA,0,1,0
1057,chickens,0.7486734693877551,0.55,0.97,0.0535917665911767,196,NA,NA,NA,NA,0,1,0
1059,offals_liver_chicken,0.078,0.011000000000000001,0.12,0.034003676271838604,9,NA,NA,NA,NA,0,1,0
1062,eggs_hen_in_shell,NA,NA,NA,NA,0,NA,NA,NA,NA,0,0,0
1064,eggs_dried,0.19999999999999998,0.15,0.25,0.044721359549995794,6,NA,NA,NA,NA,0,1,0
1068,ducks,0.7557142857142857,0.7,0.84,0.05061526214398937,7,NA,NA,NA,NA,0,1,0
1079,turkeys,0.7780701754385965,0.61,0.94,0.05947504267971891,57,NA,NA,NA,NA,0,1,0
1096,horses,0.49874999999999997,0.34,0.71,0.044813777433812964,72,NA,NA,NA,NA,0,1,0
1097,meat_horse,0.044333333333333336,0.022000000000000002,0.07,0.015476556772221964,15,NA,NA,NA,NA,0,1,0
1107,asses,NA,NA,NA,NA,0,0.09122727272727273,0.02,0.3,0.0545444900847134,66,0,1
1126,camels,0.4813636363636364,0.35,0.69,0.07504255646888157,22,NA,NA,NA,NA,0,1,0
1129,fat_camels,0.020112676056338027,0.006,0.063,0.011690715847292364,71,NA,NA,NA,NA,0,1,0
1164,meat_dried_nes,NA,NA,NA,NA,0,NA,NA,NA,NA,0,0,0
1168,oils_fats_of_animal_nes,NA,NA,NA,NA,0,NA,NA,NA,NA,0,0,0
1172,meat_prepared,0.9,NA,NA,NA,0,NA,NA,NA,NA,0,0,0
1173,meal_meat,0.8516666666666667,0.65,0.9,0.06981066832343545,18,0.01888888888888889,0.01,0.02,0.0033333333333333335,9,1,1
1181,beehives,NA,NA,NA,NA,0,0.12058823529411766,0.05,0.27,0.06087595874350708,17,0,1
1216,hides_nes,0.1833076923076923,0.083,0.25,0.0563225600379703,13,0.06756000000000001,0.01,0.15,0.036635683879700315,25,1,1
1225,tallow,0.82,NA,NA,NA,0,NA,NA,NA,NA,0,0,0
1241,margarine_liquid,1.3,NA,NA,NA,0,NA,NA,NA,NA,0,0,0
1242,margarine_short,1.13,NA,NA,NA,0,NA,NA,NA,NA,0,0,0
1243,fat_nes_prepared,1.0,NA,NA,NA,0,NA,NA,NA,NA,0,0,0
1274,oil_boiled_etc,NA,NA,NA,NA,0,NA,NA,NA,NA,0,0,0
1275,hydrogenate_fat_oil,1.07,NA,NA,NA,0,NA,NA,NA,NA,0,0,0
1276,fatty_acids,0.98,NA,NA,NA,0,NA,NA,NA,NA,0,0,0
